id,date,topic
13ax3xr,2023-05-07,Naruto
13b6m2r,2023-05-07,Naruto
13aabnv,2023-05-07,Naruto
13agsv9,2023-05-07,Naruto
139ykyh,2023-05-06,Naruto
13lwbg1,2023-05-19,Onepiece
13m1li1,2023-05-19,Onepiece
13m2m0u,2023-05-19,Onepiece
13lyuyz,2023-05-19,Onepiece
13gpo9y,2023-05-13,Onepiece
13hnjj2,2023-05-14,Onepiece
13hvuge,2023-05-15,Onepiece
13heqyr,2023-05-14,Onepiece
13i48tz,2023-05-15,Onepiece
13h3ebd,2023-05-14,Onepiece
13hzz1h,2023-05-15,Onepiece
13hvaq5,2023-05-15,Onepiece
13i6nsg,2023-05-15,Onepiece
13i8xmp,2023-05-15,Onepiece
13hzelt,2023-05-15,Onepiece
13as0gm,2023-05-07,Onepiece
13il1pb,2023-05-15,Onepiece
13i0ywr,2023-05-15,Onepiece
13hr148,2023-05-14,Onepiece
13m3u8t,2023-05-19,Onepiece
12t3787,2023-04-20,Naruto
13gefhi,2023-05-13,Naruto
13lxde2,2023-05-19,Naruto
13lwn6c,2023-05-19,Naruto
13lv67j,2023-05-19,Naruto
13lbilr,2023-05-18,Naruto
13lq6wb,2023-05-19,Naruto
13lslk8,2023-05-19,Naruto
13lpg4o,2023-05-19,Naruto
13m0bjm,2023-05-19,Naruto
13m180p,2023-05-19,Naruto
13ly5jp,2023-05-19,Naruto
13kzr7l,2023-05-18,Naruto
13lmv9t,2023-05-19,Naruto
13l8xa8,2023-05-18,Naruto
13kzkk5,2023-05-18,Naruto
13l1zb7,2023-05-18,Naruto
13l3qsc,2023-05-18,Naruto
13m174w,2023-05-19,Naruto
13lztz4,2023-05-19,Naruto
13m3lzl,2023-05-19,Naruto
13lcvi2,2023-05-18,Naruto
13lzhgo,2023-05-19,Naruto
13lzplw,2023-05-19,Naruto
13m3ngb,2023-05-19,Naruto
13m3i5y,2023-05-19,Naruto
13kzfdx,2023-05-18,Naruto
13lur3v,2023-05-19,Naruto
13lrt16,2023-05-19,Naruto
13l8xd4,2023-05-18,Naruto
13m2il8,2023-05-19,Naruto
13lw5pv,2023-05-19,Naruto
13kkyxe,2023-05-18,Naruto
13m1tsr,2023-05-19,Naruto
13lltvx,2023-05-19,Naruto
13m1dm0,2023-05-19,Naruto
13l8u70,2023-05-18,Naruto
13luswt,2023-05-19,Naruto
13let1n,2023-05-18,Naruto
13lz9t3,2023-05-19,Naruto
13m44k6,2023-05-19,Naruto
13lhpqc,2023-05-19,Naruto
13m3fg7,2023-05-19,Naruto
13m2i6l,2023-05-19,Naruto
13m1mnw,2023-05-19,Naruto
13m1h6j,2023-05-19,Naruto
13m1awf,2023-05-19,Naruto
13l9u3l,2023-05-18,Naruto
13m0ygw,2023-05-19,Naruto
13lusdx,2023-05-19,Naruto
13m0tpx,2023-05-19,Naruto
13l5muw,2023-05-18,Naruto
13m0qix,2023-05-19,Naruto
13m0our,2023-05-19,Naruto
13kzbre,2023-05-18,Naruto
13lx9cu,2023-05-19,Naruto
13lwm02,2023-05-19,Naruto
13lhk3s,2023-05-19,Naruto
13kiwi8,2023-05-18,Naruto
13lmuzn,2023-05-19,Naruto
13lhto4,2023-05-19,Naruto
13lswmx,2023-05-19,Naruto
13lxz4i,2023-05-19,Naruto
13lltan,2023-05-19,Naruto
13lihtm,2023-05-19,Naruto
13l147k,2023-05-18,Naruto
13la65c,2023-05-18,Naruto
13lqnr4,2023-05-19,Naruto
13l7cok,2023-05-18,Naruto
13m04ce,2023-05-19,Naruto
13lp5kw,2023-05-19,Naruto
13ku04i,2023-05-18,Naruto
13lnx4w,2023-05-19,Naruto
13ljnxz,2023-05-19,Naruto
13kdpgy,2023-05-17,Naruto
13lmzyc,2023-05-19,Naruto
13kbs2q,2023-05-17,Naruto
13k77gs,2023-05-17,Naruto
13lm3ad,2023-05-19,Naruto
13lm1m9,2023-05-19,Naruto
13ki4jc,2023-05-17,Naruto
13lok5d,2023-05-19,Naruto
13lfgu6,2023-05-19,Naruto
13k70pd,2023-05-17,Naruto
13ksz9t,2023-05-18,Naruto
13l9hdf,2023-05-18,Naruto
13liu5g,2023-05-19,Naruto
13lit2x,2023-05-19,Naruto
13ldkpt,2023-05-18,Naruto
13liadg,2023-05-19,Naruto
13li0hd,2023-05-19,Naruto
13k0a00,2023-05-17,Naruto
13jzk0h,2023-05-17,Naruto
13lgsft,2023-05-19,Naruto
13lgf7w,2023-05-19,Naruto
13lfxla,2023-05-19,Naruto
13l15fk,2023-05-18,Naruto
13kehl1,2023-05-17,Naruto
13k8rgw,2023-05-17,Naruto
13leksa,2023-05-18,Naruto
13liusw,2023-05-19,Naruto
13lkcnp,2023-05-19,Naruto
13k2qvk,2023-05-17,Naruto
13l9zlt,2023-05-18,Naruto
13kl5dr,2023-05-18,Naruto
13l9p1n,2023-05-18,Naruto
13l363a,2023-05-18,Naruto
13l8os8,2023-05-18,Naruto
13lgwbo,2023-05-19,Naruto
13l1hed,2023-05-18,Naruto
13kgay3,2023-05-17,Naruto
13l63fy,2023-05-18,Naruto
13l5wrp,2023-05-18,Naruto
13l5qbu,2023-05-18,Naruto
13kzssw,2023-05-18,Naruto
13l5dfy,2023-05-18,Naruto
13l5bwr,2023-05-18,Naruto
13ledtg,2023-05-18,Naruto
13kn8h8,2023-05-18,Naruto
13knmf9,2023-05-18,Naruto
13je6zp,2023-05-16,Naruto
13jt1qg,2023-05-17,Naruto
13knjy9,2023-05-18,Naruto
13l2baa,2023-05-18,Naruto
13li3am,2023-05-19,Naruto
13jphr3,2023-05-17,Naruto
13jncf8,2023-05-17,Naruto
13kxovs,2023-05-18,Naruto
13kxh8q,2023-05-18,Naruto
13ksoti,2023-05-18,Naruto
13kftfy,2023-05-17,Naruto
13k233m,2023-05-17,Naruto
13kbpv8,2023-05-17,Naruto
13kurml,2023-05-18,Naruto
13knb13,2023-05-18,Naruto
13kttel,2023-05-18,Naruto
13ktdl8,2023-05-18,Naruto
13kt7vi,2023-05-18,Naruto
13kk0ef,2023-05-18,Naruto
13kgqtw,2023-05-17,Naruto
13ksj27,2023-05-18,Naruto
13kse42,2023-05-18,Naruto
13kbv14,2023-05-17,Naruto
13ks3c7,2023-05-18,Naruto
13kkwl0,2023-05-18,Naruto
13jq7r7,2023-05-17,Naruto
13kd8kf,2023-05-17,Naruto
13j8hh7,2023-05-16,Naruto
13kc1p0,2023-05-17,Naruto
13kpf5k,2023-05-18,Naruto
13koyry,2023-05-18,Naruto
13kjsd6,2023-05-18,Naruto
13j9fiq,2023-05-16,Naruto
13kv39g,2023-05-18,Naruto
13kndei,2023-05-18,Naruto
13jp8xf,2023-05-17,Naruto
13ki2pf,2023-05-17,Naruto
13kmz4o,2023-05-18,Naruto
13kmub0,2023-05-18,Naruto
13kmjcu,2023-05-18,Naruto
13km3vb,2023-05-18,Naruto
13klzx3,2023-05-18,Naruto
13k6f3p,2023-05-17,Naruto
13jp6p0,2023-05-17,Naruto
13kc8tw,2023-05-17,Naruto
13k4b2z,2023-05-17,Naruto
13kkptz,2023-05-18,Naruto
13kf9p4,2023-05-17,Naruto
13kki4w,2023-05-18,Naruto
13kq6ly,2023-05-18,Naruto
13kinje,2023-05-18,Naruto
13j2jot,2023-05-16,Naruto
13jjgwa,2023-05-16,Naruto
13jgh33,2023-05-16,Naruto
13j0786,2023-05-16,Naruto
13k6gt9,2023-05-17,Naruto
13kg13p,2023-05-17,Naruto
13k1pkw,2023-05-17,Naruto
13kfssf,2023-05-17,Naruto
13kfql7,2023-05-17,Naruto
13koynk,2023-05-18,Naruto
13kekwx,2023-05-17,Naruto
13ke8ln,2023-05-17,Naruto
13ke3h1,2023-05-17,Naruto
13jice8,2023-05-16,Naruto
13k5rh3,2023-05-17,Naruto
13kabyv,2023-05-17,Naruto
13k9bui,2023-05-17,Naruto
13jhwas,2023-05-16,Naruto
13jwmuu,2023-05-17,Naruto
13j99y4,2023-05-16,Naruto
13kbnf6,2023-05-17,Naruto
13iyol7,2023-05-16,Naruto
13jwsm6,2023-05-17,Naruto
13k4nn3,2023-05-17,Naruto
13jocjw,2023-05-17,Naruto
13jubbx,2023-05-17,Naruto
13jp474,2023-05-17,Naruto
13ip02a,2023-05-16,Naruto
13k8kqz,2023-05-17,Naruto
13kiour,2023-05-18,Naruto
13kb8yw,2023-05-17,Naruto
13jwru3,2023-05-17,Naruto
13k0zwh,2023-05-17,Naruto
13ihs6s,2023-05-15,Naruto
13iqeme,2023-05-16,Naruto
13k54zz,2023-05-17,Naruto
13jayua,2023-05-16,Naruto
13iy0nx,2023-05-16,Naruto
13k8w26,2023-05-17,Naruto
13kc7sj,2023-05-17,Naruto
13jkhyw,2023-05-16,Naruto
13idx4i,2023-05-15,Naruto
13jv1tj,2023-05-17,Naruto
13jc4td,2023-05-16,Naruto
13ibn9y,2023-05-15,Naruto
13jp61u,2023-05-17,Naruto
13k1re5,2023-05-17,Naruto
13inq6s,2023-05-15,Naruto
13j0vzr,2023-05-16,Naruto
13jsce0,2023-05-17,Naruto
13jsblh,2023-05-17,Naruto
13jd9w3,2023-05-16,Naruto
13jrj4k,2023-05-17,Naruto
13j2i88,2023-05-16,Naruto
13jqlkx,2023-05-17,Naruto
13ign5f,2023-05-15,Naruto
13j6h0x,2023-05-16,Naruto
13j60mu,2023-05-16,Naruto
13jpu8u,2023-05-17,Naruto
13jpnqg,2023-05-17,Naruto
13jkhid,2023-05-16,Naruto
13jgwnn,2023-05-16,Naruto
13i4emt,2023-05-15,Naruto
13jo8w1,2023-05-17,Naruto
13jd2xx,2023-05-16,Naruto
13iajrx,2023-05-15,Naruto
13j29jj,2023-05-16,Naruto
13j4t5i,2023-05-16,Naruto
13j3uqt,2023-05-16,Naruto
13jqyxh,2023-05-17,Naruto
13jlkij,2023-05-17,Naruto
13jlfki,2023-05-16,Naruto
13jland,2023-05-16,Naruto
13jkxpq,2023-05-16,Naruto
13i4lp1,2023-05-15,Naruto
13jkbvp,2023-05-16,Naruto
13iplwk,2023-05-16,Naruto
13jjwqh,2023-05-16,Naruto
13j1tju,2023-05-16,Naruto
13jjony,2023-05-16,Naruto
13jshjf,2023-05-17,Naruto
13jnkcz,2023-05-17,Naruto
13i3xu9,2023-05-15,Naruto
13j7zmx,2023-05-16,Naruto
13jgurg,2023-05-16,Naruto
13jgg5t,2023-05-16,Naruto
13jg5t2,2023-05-16,Naruto
13iyg4i,2023-05-16,Naruto
13itoqf,2023-05-16,Naruto
13jf1ta,2023-05-16,Naruto
13jevnp,2023-05-16,Naruto
13ivfui,2023-05-16,Naruto
13jd902,2023-05-16,Naruto
13jbzg7,2023-05-16,Naruto
13hsbbr,2023-05-15,Naruto
13iieze,2023-05-15,Naruto
13jbgj5,2023-05-16,Naruto
13jarlr,2023-05-16,Naruto
13jak8l,2023-05-16,Naruto
13ina86,2023-05-15,Naruto
13j8229,2023-05-16,Naruto
13izvkc,2023-05-16,Naruto
13j7i2u,2023-05-16,Naruto
13ifumc,2023-05-15,Naruto
13j7c6c,2023-05-16,Naruto
13j73r8,2023-05-16,Naruto
13j61ii,2023-05-16,Naruto
13i5m73,2023-05-15,Naruto
13iuckp,2023-05-16,Naruto
13ib58u,2023-05-15,Naruto
13i662k,2023-05-15,Naruto
13hb0qp,2023-05-14,Naruto
13iqhgt,2023-05-16,Naruto
13isshj,2023-05-16,Naruto
13ixspp,2023-05-16,Naruto
13iscaq,2023-05-16,Naruto
13iwnbj,2023-05-16,Naruto
13j4mdv,2023-05-16,Naruto
13ivrfq,2023-05-16,Naruto
13ivih1,2023-05-16,Naruto
13iz6kw,2023-05-16,Naruto
13iynjy,2023-05-16,Naruto
13iun03,2023-05-16,Naruto
13inq6k,2023-05-15,Naruto
13it6bc,2023-05-16,Naruto
13ikdi5,2023-05-15,Naruto
13ivjo2,2023-05-16,Naruto
13ivi90,2023-05-16,Naruto
13i490s,2023-05-15,Naruto
13ig40b,2023-05-15,Naruto
13ihq0m,2023-05-15,Naruto
13iul2v,2023-05-16,Naruto
13iatab,2023-05-15,Naruto
13itkst,2023-05-16,Naruto
13iobcw,2023-05-15,Naruto
13ixge7,2023-05-16,Naruto
13idrhf,2023-05-15,Naruto
13isk91,2023-05-16,Naruto
13irzdo,2023-05-16,Naruto
13ir5vl,2023-05-16,Naruto
13ir49g,2023-05-16,Naruto
13j389p,2023-05-16,Naruto
13iqqel,2023-05-16,Naruto
13i5alj,2023-05-15,Naruto
13ia6lt,2023-05-15,Naruto
13iqo98,2023-05-16,Naruto
13iepwe,2023-05-15,Naruto
13iqj9u,2023-05-16,Naruto
13hwrbf,2023-05-15,Naruto
13iq5ai,2023-05-16,Naruto
13ipyqh,2023-05-16,Naruto
13i3cho,2023-05-15,Naruto
13ipwa3,2023-05-16,Naruto
13ipsw3,2023-05-16,Naruto
13ijwu1,2023-05-15,Naruto
13ipezt,2023-05-16,Naruto
13i4s3b,2023-05-15,Naruto
13igvdu,2023-05-15,Naruto
13in2vo,2023-05-15,Naruto
13ieyb4,2023-05-15,Naruto
13il587,2023-05-15,Naruto
13ikjrr,2023-05-15,Naruto
13ik1mm,2023-05-15,Naruto
13i67vx,2023-05-15,Naruto
13hwy5h,2023-05-15,Naruto
13ic9ae,2023-05-15,Naruto
13ibygx,2023-05-15,Naruto
13hywvk,2023-05-15,Naruto
13ihpe0,2023-05-15,Naruto
13iqgn9,2023-05-16,Naruto
13h5rrm,2023-05-14,Naruto
13igxhk,2023-05-15,Naruto
13igqyy,2023-05-15,Naruto
13is4e0,2023-05-16,Naruto
13igiiz,2023-05-15,Naruto
13i3b5r,2023-05-15,Naruto
13hd9tn,2023-05-14,Naruto
13hf8a5,2023-05-14,Naruto
13hcd4t,2023-05-14,Naruto
13i9hih,2023-05-15,Naruto
13if1yi,2023-05-15,Naruto
13ie205,2023-05-15,Naruto
13hha35,2023-05-14,Naruto
13idt0v,2023-05-15,Naruto
13ij75y,2023-05-15,Naruto
13gyuoh,2023-05-14,Naruto
13hu1vb,2023-05-15,Naruto
13i62ts,2023-05-15,Naruto
13igl2g,2023-05-15,Naruto
13i9phj,2023-05-15,Naruto
13hslx8,2023-05-15,Naruto
13iisus,2023-05-15,Naruto
13hlp9n,2023-05-14,Naruto
13i8ndj,2023-05-15,Naruto
13hc0d6,2023-05-14,Naruto
13hkm34,2023-05-14,Naruto
13i7e41,2023-05-15,Naruto
13h2qtc,2023-05-14,Naruto
13hi8tk,2023-05-14,Naruto
13ibqn3,2023-05-15,Naruto
13hc1uo,2023-05-14,Naruto
13i1ig9,2023-05-15,Naruto
13gyybg,2023-05-14,Naruto
13i5gu4,2023-05-15,Naruto
13hyfep,2023-05-15,Naruto
13hcp1m,2023-05-14,Naruto
13hu9mf,2023-05-15,Naruto
13gouyf,2023-05-13,Naruto
13hd9ti,2023-05-14,Naruto
13gio55,2023-05-13,Naruto
13hmkez,2023-05-14,Naruto
13i1f6u,2023-05-15,Naruto
13hvled,2023-05-15,Naruto
13hzs3u,2023-05-15,Naruto
13hz73u,2023-05-15,Naruto
13grda7,2023-05-13,Naruto
13i2la5,2023-05-15,Naruto
13hnqdy,2023-05-14,Naruto
13hpv6o,2023-05-14,Naruto
13hskiu,2023-05-15,Naruto
13gl8z1,2023-05-13,Naruto
13hwqls,2023-05-15,Naruto
13hinov,2023-05-14,Naruto
13hkq6o,2023-05-14,Naruto
13hv5cm,2023-05-15,Naruto
13gdvw9,2023-05-13,Naruto
13ht1k5,2023-05-15,Naruto
13hsbls,2023-05-15,Naruto
13h705f,2023-05-14,Naruto
13hms5p,2023-05-14,Naruto
13hs5qm,2023-05-15,Naruto
13hz3l8,2023-05-15,Naruto
13gelo1,2023-05-13,Naruto
13hfamr,2023-05-14,Naruto
13hq8un,2023-05-14,Naruto
13gjw3p,2023-05-13,Naruto
13hpxip,2023-05-14,Naruto
13h7s6i,2023-05-14,Naruto
13ha2i1,2023-05-14,Naruto
13g5cxl,2023-05-13,Naruto
13hsejb,2023-05-15,Naruto
13gim1q,2023-05-13,Naruto
13hmwdy,2023-05-14,Naruto
13h59s0,2023-05-14,Naruto
13hmi5p,2023-05-14,Naruto
13hgjy2,2023-05-14,Naruto
13gt81x,2023-05-13,Naruto
13hbt27,2023-05-14,Naruto
13hk7zn,2023-05-14,Naruto
13go0gd,2023-05-13,Naruto
13hj21h,2023-05-14,Naruto
13h42wh,2023-05-14,Naruto
13hu4l6,2023-05-15,Naruto
13hc1en,2023-05-14,Naruto
13gwsbz,2023-05-13,Naruto
13hwl8k,2023-05-15,Naruto
13hee6a,2023-05-14,Naruto
13guux1,2023-05-13,Naruto
13hbr2r,2023-05-14,Naruto
13h573v,2023-05-14,Naruto
13h53t4,2023-05-14,Naruto
13hbgvm,2023-05-14,Naruto
13hatux,2023-05-14,Naruto
13gvo6i,2023-05-13,Naruto
13gnury,2023-05-13,Naruto
13ha8ur,2023-05-14,Naruto
13gmek0,2023-05-13,Naruto
13h5uoq,2023-05-14,Naruto
13fskbe,2023-05-12,Naruto
13grhmr,2023-05-13,Naruto
13gxc0b,2023-05-14,Naruto
13hgt3g,2023-05-14,Naruto
13gr7c2,2023-05-13,Naruto
13h8fw6,2023-05-14,Naruto
13gubh5,2023-05-13,Naruto
13h0zba,2023-05-14,Naruto
13gwj7u,2023-05-13,Naruto
13h0284,2023-05-14,Naruto
13gy2ng,2023-05-14,Naruto
13fpgch,2023-05-12,Naruto
13gks8q,2023-05-13,Naruto
13gtu5d,2023-05-13,Naruto
13h59f7,2023-05-14,Naruto
13gfhzv,2023-05-13,Naruto
13h50yh,2023-05-14,Naruto
13gpcg1,2023-05-13,Naruto
13h3mhr,2023-05-14,Naruto
13h3kv2,2023-05-14,Naruto
13fmbva,2023-05-12,Naruto
13h3emy,2023-05-14,Naruto
13giv3j,2023-05-13,Naruto
13fl129,2023-05-12,Naruto
13h0ypg,2023-05-14,Naruto
13gq03i,2023-05-13,Naruto
13h09on,2023-05-14,Naruto
13h019r,2023-05-14,Naruto
13h41e3,2023-05-14,Naruto
13fwgrf,2023-05-12,Naruto
13gr3m3,2023-05-13,Naruto
13gthc6,2023-05-13,Naruto
13gm789,2023-05-13,Naruto
13ftgjs,2023-05-12,Naruto
13gxxya,2023-05-14,Naruto
13fpp7n,2023-05-12,Naruto
13gnj10,2023-05-13,Naruto
13gqb9k,2023-05-13,Naruto
13giwx0,2023-05-13,Naruto
13g5jvp,2023-05-13,Naruto
13glq79,2023-05-13,Naruto
13g5xnt,2023-05-13,Naruto
13g7mwi,2023-05-13,Naruto
13gi738,2023-05-13,Naruto
13gy4yc,2023-05-14,Naruto
13gsti3,2023-05-13,Naruto
13gk0c2,2023-05-13,Naruto
13gsfu7,2023-05-13,Naruto
13gmlfp,2023-05-13,Naruto
13gjanj,2023-05-13,Naruto
13grz45,2023-05-13,Naruto
13gredl,2023-05-13,Naruto
13ftk9r,2023-05-12,Naruto
13fbmwx,2023-05-12,Naruto
13gq60c,2023-05-13,Naruto
13g84la,2023-05-13,Naruto
13gpuqr,2023-05-13,Naruto
13gjp9u,2023-05-13,Naruto
13gp78n,2023-05-13,Naruto
13gp57p,2023-05-13,Naruto
13geins,2023-05-13,Naruto
13fh7hg,2023-05-12,Naruto
13gt6lf,2023-05-13,Naruto
13gnlcc,2023-05-13,Naruto
13gnb0e,2023-05-13,Naruto
13gm28z,2023-05-13,Naruto
13g7h8j,2023-05-13,Naruto
13f23w8,2023-05-11,Naruto
13g8rg0,2023-05-13,Naruto
13gkegh,2023-05-13,Naruto
13gjqot,2023-05-13,Naruto
13gp8sk,2023-05-13,Naruto
13g1yey,2023-05-13,Naruto
13fwmvq,2023-05-12,Naruto
13fx681,2023-05-12,Naruto
13ghqy3,2023-05-13,Naruto
13fx4ea,2023-05-12,Naruto
13gs212,2023-05-13,Naruto
13ggtc3,2023-05-13,Naruto
13gg49n,2023-05-13,Naruto
13gg3gl,2023-05-13,Naruto
13gftne,2023-05-13,Naruto
13gf9jk,2023-05-13,Naruto
13gepsr,2023-05-13,Naruto
13ga932,2023-05-13,Naruto
13erwlw,2023-05-11,Naruto
13fcc2l,2023-05-12,Naruto
13ftpcs,2023-05-12,Naruto
13gcwqx,2023-05-13,Naruto
13ey4p8,2023-05-11,Naruto
13fcczs,2023-05-12,Naruto
13er9wf,2023-05-11,Naruto
13ftxho,2023-05-12,Naruto
13fqx8v,2023-05-12,Naruto
13fss97,2023-05-12,Naruto
13fxqn1,2023-05-12,Naruto
13ga82e,2023-05-13,Naruto
13ggtl1,2023-05-13,Naruto
13fy1ki,2023-05-12,Naruto
13g4fc0,2023-05-13,Naruto
13fx3tz,2023-05-12,Naruto
13fyt5c,2023-05-12,Naruto
13g0x8p,2023-05-12,Naruto
13g8b2j,2023-05-13,Naruto
13f6dlt,2023-05-12,Naruto
13g7i9p,2023-05-13,Naruto
13fvevq,2023-05-12,Naruto
13fp96l,2023-05-12,Naruto
13g6bi8,2023-05-13,Naruto
13g636o,2023-05-13,Naruto
13emyyo,2023-05-11,Naruto
13fqj6o,2023-05-12,Naruto
13g0fri,2023-05-12,Naruto
13fx4ir,2023-05-12,Naruto
13g9cb5,2023-05-13,Naruto
13fnqw7,2023-05-12,Naruto
13f8123,2023-05-12,Naruto
13ehc39,2023-05-11,Naruto
13g3i96,2023-05-13,Naruto
13g393e,2023-05-13,Naruto
13gaut4,2023-05-13,Naruto
13g1mzx,2023-05-13,Naruto
13fphj8,2023-05-12,Naruto
13fndew,2023-05-12,Naruto
13g0f0t,2023-05-12,Naruto
13g09g1,2023-05-12,Naruto
13g056t,2023-05-12,Naruto
13fsume,2023-05-12,Naruto
13fyb48,2023-05-12,Naruto
13fy0dw,2023-05-12,Naruto
13fxalf,2023-05-12,Naruto
13fq1d4,2023-05-12,Naruto
13fmlgl,2023-05-12,Naruto
13es0cr,2023-05-11,Naruto
13fucxn,2023-05-12,Naruto
13fu4mv,2023-05-12,Naruto
13fu348,2023-05-12,Naruto
13ft8n3,2023-05-12,Naruto
13g6w1p,2023-05-13,Naruto
13fm0gv,2023-05-12,Naruto
13frmt3,2023-05-12,Naruto
13g0iat,2023-05-12,Naruto
13frgb3,2023-05-12,Naruto
13fciuy,2023-05-12,Naruto
13ff22g,2023-05-12,Naruto
13fpdy3,2023-05-12,Naruto
13g0ke5,2023-05-12,Naruto
13egovm,2023-05-11,Naruto
13fu60h,2023-05-12,Naruto
13ftwnb,2023-05-12,Naruto
13g6d8m,2023-05-13,Naruto
13fn1yj,2023-05-12,Naruto
13fmdgi,2023-05-12,Naruto
13ewgbt,2023-05-11,Naruto
13g3ik7,2023-05-13,Naruto
13fvwot,2023-05-12,Naruto
13esoyt,2023-05-11,Naruto
13f8ekk,2023-05-12,Naruto
13fjfkb,2023-05-12,Naruto
13e32sa,2023-05-10,Naruto
13eq6tm,2023-05-11,Naruto
13fiz71,2023-05-12,Naruto
13fia43,2023-05-12,Naruto
13fgeor,2023-05-12,Naruto
13ecdgd,2023-05-11,Naruto
13f5c9x,2023-05-12,Naruto
13fbqzy,2023-05-12,Naruto
13fq08q,2023-05-12,Naruto
13ehswy,2023-05-11,Naruto
13fe9y9,2023-05-12,Naruto
13fnskn,2023-05-12,Naruto
13fe1cn,2023-05-12,Naruto
13fhsk7,2023-05-12,Naruto
13ev13v,2023-05-11,Naruto
13f4tj6,2023-05-12,Naruto
13fchsn,2023-05-12,Naruto
13epqe8,2023-05-11,Naruto
13fc2pn,2023-05-12,Naruto
13fbute,2023-05-12,Naruto
13f1cv4,2023-05-11,Naruto
13fbrs8,2023-05-12,Naruto
13eyozx,2023-05-11,Naruto
13edmr2,2023-05-11,Naruto
13f9z3p,2023-05-12,Naruto
13f45kx,2023-05-11,Naruto
13f3pkz,2023-05-11,Naruto
13e9qw2,2023-05-11,Naruto
13esmy4,2023-05-11,Naruto
13e6om0,2023-05-10,Naruto
13f1bix,2023-05-11,Naruto
13dl7s9,2023-05-10,Naruto
13eegsf,2023-05-11,Naruto
13ez83h,2023-05-11,Naruto
13dv6hc,2023-05-10,Naruto
13e3ov7,2023-05-10,Naruto
13dkgpf,2023-05-10,Naruto
13enxev,2023-05-11,Naruto
13f1xm8,2023-05-11,Naruto
13dtilx,2023-05-10,Naruto
13ddq1e,2023-05-10,Naruto
13ezs6b,2023-05-11,Naruto
13dhtd7,2023-05-10,Naruto
13e8wlj,2023-05-11,Naruto
13el6ik,2023-05-11,Naruto
13eye6q,2023-05-11,Naruto
13em17q,2023-05-11,Naruto
13ervqh,2023-05-11,Naruto
13dkw7k,2023-05-10,Naruto
13exm9e,2023-05-11,Naruto
13exg00,2023-05-11,Naruto
13ewsvl,2023-05-11,Naruto
13dupek,2023-05-10,Naruto
13e869t,2023-05-11,Naruto
13ev18m,2023-05-11,Naruto
13dw1qu,2023-05-10,Naruto
13ej1n7,2023-05-11,Naruto
13euf57,2023-05-11,Naruto
13enrk0,2023-05-11,Naruto
13f9jh6,2023-05-12,Naruto
13et48d,2023-05-11,Naruto
13e7v40,2023-05-11,Naruto
13dq94h,2023-05-10,Naruto
13eqwdz,2023-05-11,Naruto
13eqteo,2023-05-11,Naruto
13eqrnu,2023-05-11,Naruto
13do3n0,2023-05-10,Naruto
13eqibh,2023-05-11,Naruto
13e47lr,2023-05-10,Naruto
13ephza,2023-05-11,Naruto
13d2xk7,2023-05-09,Naruto
13ep2q9,2023-05-11,Naruto
13e58b4,2023-05-10,Naruto
13dqcb8,2023-05-10,Naruto
13f4ktd,2023-05-12,Naruto
13f0c9l,2023-05-11,Naruto
13dy13a,2023-05-10,Naruto
13d2puz,2023-05-09,Naruto
13e216y,2023-05-10,Naruto
13dwjgj,2023-05-10,Naruto
13eapkg,2023-05-11,Naruto
13e78fx,2023-05-10,Naruto
13e8lvk,2023-05-11,Naruto
13dwzkx,2023-05-10,Naruto
13ej0xu,2023-05-11,Naruto
13euf3m,2023-05-11,Naruto
13edp7k,2023-05-11,Naruto
13elmcg,2023-05-11,Naruto
13e0krn,2023-05-10,Naruto
13e38xg,2023-05-10,Naruto
13ef0g2,2023-05-11,Naruto
13eep42,2023-05-11,Naruto
13d3zg3,2023-05-09,Naruto
13edzjt,2023-05-11,Naruto
13dlgix,2023-05-10,Naruto
13cnwc5,2023-05-09,Naruto
13eb7pl,2023-05-11,Naruto
13e2u9h,2023-05-10,Naruto
13eayaz,2023-05-11,Naruto
13e5765,2023-05-10,Naruto
13e552s,2023-05-10,Naruto
13e0z2l,2023-05-10,Naruto
13e90q3,2023-05-11,Naruto
13e37b3,2023-05-10,Naruto
13dwvta,2023-05-10,Naruto
13e8271,2023-05-11,Naruto
13e2fuj,2023-05-10,Naruto
13ci2k5,2023-05-09,Naruto
13dibsf,2023-05-10,Naruto
13e6ojj,2023-05-10,Naruto
13edtk9,2023-05-11,Naruto
13ct2oo,2023-05-09,Naruto
13cnhmt,2023-05-09,Naruto
13d5e2w,2023-05-09,Naruto
13e58b1,2023-05-10,Naruto
13dlsbg,2023-05-10,Naruto
13e3b8r,2023-05-10,Naruto
13djsp2,2023-05-10,Naruto
13dmwc5,2023-05-10,Naruto
13e1f8i,2023-05-10,Naruto
13cmmt2,2023-05-09,Naruto
13e6ttw,2023-05-10,Naruto
13e0w1o,2023-05-10,Naruto
13d4pd9,2023-05-09,Naruto
13d8ajm,2023-05-09,Naruto
13d6qx9,2023-05-09,Naruto
13dyyxb,2023-05-10,Naruto
13db7pm,2023-05-10,Naruto
13cim8t,2023-05-09,Naruto
13dxo2l,2023-05-10,Naruto
13dxla3,2023-05-10,Naruto
13dwior,2023-05-10,Naruto
13dwday,2023-05-10,Naruto
13dw5ay,2023-05-10,Naruto
13dvqx7,2023-05-10,Naruto
13dvjvn,2023-05-10,Naruto
13cnli8,2023-05-09,Naruto
13e0u30,2023-05-10,Naruto
13dt95u,2023-05-10,Naruto
13dsvc7,2023-05-10,Naruto
13eb6km,2023-05-11,Naruto
13ddrwd,2023-05-10,Naruto
13dqhbe,2023-05-10,Naruto
13dlglr,2023-05-10,Naruto
13c6pbi,2023-05-08,Naruto
13darsn,2023-05-10,Naruto
13ddgex,2023-05-10,Naruto
13do442,2023-05-10,Naruto
13dntb8,2023-05-10,Naruto
13c8s4d,2023-05-08,Naruto
13dmljr,2023-05-10,Naruto
13d63yb,2023-05-09,Naruto
13d0ze4,2023-05-09,Naruto
13bsonv,2023-05-08,Naruto
13djzos,2023-05-10,Naruto
13dc3ym,2023-05-10,Naruto
13dlhn9,2023-05-10,Naruto
13c1fxq,2023-05-08,Naruto
13d9q3g,2023-05-09,Naruto
13cxwx2,2023-05-09,Naruto
13d4jvz,2023-05-09,Naruto
13bxms0,2023-05-08,Naruto
13d22h3,2023-05-09,Naruto
13dg12s,2023-05-10,Naruto
13d1vdq,2023-05-09,Naruto
13df7sr,2023-05-10,Naruto
13defcj,2023-05-10,Naruto
13ctphf,2023-05-09,Naruto
13de13i,2023-05-10,Naruto
13d8s27,2023-05-09,Naruto
13dddiy,2023-05-10,Naruto
13d7wks,2023-05-09,Naruto
13cf8xr,2023-05-09,Naruto
13dc52j,2023-05-10,Naruto
13dc3fm,2023-05-10,Naruto
13d2e06,2023-05-09,Naruto
13dpkpx,2023-05-10,Naruto
13cq85y,2023-05-09,Naruto
13czemy,2023-05-09,Naruto
13by3w2,2023-05-08,Naruto
13cyuaw,2023-05-09,Naruto
13d1ho1,2023-05-09,Naruto
13d7mb6,2023-05-09,Naruto
13cxlhh,2023-05-09,Naruto
13bl0i6,2023-05-08,Naruto
13d5z8j,2023-05-09,Naruto
13d4dgo,2023-05-09,Naruto
13c77kb,2023-05-08,Naruto
13bhytb,2023-05-08,Naruto
13d8wlx,2023-05-09,Naruto
13cv8uw,2023-05-09,Naruto
13d2lkm,2023-05-09,Naruto
13d1bbx,2023-05-09,Naruto
13d18r1,2023-05-09,Naruto
13bmx3p,2023-05-08,Naruto
13czgtl,2023-05-09,Naruto
13czds7,2023-05-09,Naruto
13b8bnj,2023-05-08,Naruto
13b0wor,2023-05-07,Naruto
13c9xhv,2023-05-09,Naruto
13cugo3,2023-05-09,Naruto
13d2507,2023-05-09,Naruto
13csrz0,2023-05-09,Naruto
13bmkqk,2023-05-08,Naruto
13c3ddn,2023-05-08,Naruto
13cqiio,2023-05-09,Naruto
13c639l,2023-05-08,Naruto
13cocuw,2023-05-09,Naruto
13cwag2,2023-05-09,Naruto
13c4rx4,2023-05-08,Naruto
13ciemx,2023-05-09,Naruto
13axsl9,2023-05-07,Naruto
13bbye3,2023-05-08,Naruto
13bodm7,2023-05-08,Naruto
13ao60q,2023-05-07,Naruto
13byu7b,2023-05-08,Naruto
13ce7xy,2023-05-09,Naruto
13cicsu,2023-05-09,Naruto
13chnph,2023-05-09,Naruto
13d2oqj,2023-05-09,Naruto
13bpsf8,2023-05-08,Naruto
13byxmy,2023-05-08,Naruto
13cf00f,2023-05-09,Naruto
13bq1du,2023-05-08,Naruto
13ce6eb,2023-05-09,Naruto
13c8ab0,2023-05-08,Naruto
13c80nm,2023-05-08,Naruto
13cczxi,2023-05-09,Naruto
13bzc0w,2023-05-08,Naruto
13cbqna,2023-05-09,Naruto
13ckgwk,2023-05-09,Naruto
13cbiqk,2023-05-09,Naruto
13am4of,2023-05-07,Naruto
13bbexc,2023-05-08,Naruto
13ao8m8,2023-05-07,Naruto
13casw1,2023-05-09,Naruto
13b6kc4,2023-05-07,Naruto
13c4i8t,2023-05-08,Naruto
13c4h2w,2023-05-08,Naruto
13b3tmu,2023-05-07,Naruto
13au1wp,2023-05-07,Naruto
13bz3bm,2023-05-08,Naruto
13cdykv,2023-05-09,Naruto
13bwatb,2023-05-08,Naruto
13b08b6,2023-05-07,Naruto
13c87lc,2023-05-08,Naruto
13b9l3m,2023-05-08,Naruto
13c6wyg,2023-05-08,Naruto
13bnhz7,2023-05-08,Naruto
13c5i5m,2023-05-08,Naruto
13bkg1a,2023-05-08,Naruto
13byb3u,2023-05-08,Naruto
13b3fmh,2023-05-07,Naruto
13bxy01,2023-05-08,Naruto
13c42im,2023-05-08,Naruto
13bfmso,2023-05-08,Naruto
13cdyu0,2023-05-09,Naruto
13bw1li,2023-05-08,Naruto
13bvaro,2023-05-08,Naruto
13b5nkz,2023-05-07,Naruto
13c0lt8,2023-05-08,Naruto
13b6ydw,2023-05-07,Naruto
13bovy3,2023-05-08,Naruto
13axp88,2023-05-07,Naruto
13acgo7,2023-05-07,Naruto
13c2mc1,2023-05-08,Naruto
13b6lm9,2023-05-07,Naruto
13aj5q8,2023-05-07,Naruto
13ac9zj,2023-05-07,Naruto
13c52w5,2023-05-08,Naruto
13b8lcm,2023-05-08,Naruto
13bs8c8,2023-05-08,Naruto
13bd2qy,2023-05-08,Naruto
13bi66z,2023-05-08,Naruto
13bbagd,2023-05-08,Naruto
13b9yzr,2023-05-08,Naruto
13acdo1,2023-05-07,Naruto
13b35ka,2023-05-07,Naruto
13be13c,2023-05-08,Naruto
13bl0wn,2023-05-08,Naruto
13bkv9a,2023-05-08,Naruto
13b9ufq,2023-05-08,Naruto
13axuby,2023-05-07,Naruto
13bkpbe,2023-05-08,Naruto
13a5t5v,2023-05-06,Naruto
139itv7,2023-05-06,Naruto
13bevg0,2023-05-08,Naruto
13ahbvw,2023-05-07,Naruto
13b46wb,2023-05-07,Naruto
13bb43i,2023-05-08,Naruto
13bm5hz,2023-05-08,Naruto
13bgti8,2023-05-08,Naruto
13baqoa,2023-05-08,Naruto
13alpvj,2023-05-07,Naruto
139wbt1,2023-05-06,Naruto
13bcpm4,2023-05-08,Naruto
13a2iav,2023-05-06,Naruto
13auwwn,2023-05-07,Naruto
13anrd1,2023-05-07,Naruto
13a1krk,2023-05-06,Naruto
13axgqn,2023-05-07,Naruto
13b3a62,2023-05-07,Naruto
13b8ztd,2023-05-08,Naruto
13azi8w,2023-05-07,Naruto
13ashnz,2023-05-07,Naruto
13ao7ez,2023-05-07,Naruto
139zxul,2023-05-06,Naruto
13b4zev,2023-05-07,Naruto
13a7yq0,2023-05-07,Naruto
13b96zi,2023-05-08,Naruto
13aioin,2023-05-07,Naruto
13ax4lb,2023-05-07,Naruto
13arw2f,2023-05-07,Naruto
13b2c8m,2023-05-07,Naruto
13aw0ub,2023-05-07,Naruto
13b210v,2023-05-07,Naruto
13b1rqp,2023-05-07,Naruto
13adcvn,2023-05-07,Naruto
139mbzu,2023-05-06,Naruto
13au3is,2023-05-07,Naruto
13ak4sm,2023-05-07,Naruto
13a5v98,2023-05-06,Naruto
13azo13,2023-05-07,Naruto
13ajn6i,2023-05-07,Naruto
139q0em,2023-05-06,Naruto
13ac0p8,2023-05-07,Naruto
13aygew,2023-05-07,Naruto
13aq7cb,2023-05-07,Naruto
13b4543,2023-05-07,Naruto
13axjy1,2023-05-07,Naruto
13l1jk9,2023-05-18,Onepiece
13k8f3t,2023-05-17,Onepiece
13lsrt3,2023-05-19,Onepiece
13lv7jh,2023-05-19,Onepiece
13lpt2n,2023-05-19,Onepiece
13ly3gr,2023-05-19,Onepiece
13lt914,2023-05-19,Onepiece
13lseee,2023-05-19,Onepiece
13le5bh,2023-05-18,Onepiece
13lz4ie,2023-05-19,Onepiece
13lufs9,2023-05-19,Onepiece
13lrz6g,2023-05-19,Onepiece
13lburf,2023-05-18,Onepiece
13lmwzs,2023-05-19,Onepiece
13ltf0g,2023-05-19,Onepiece
13luumh,2023-05-19,Onepiece
13ld8me,2023-05-18,Onepiece
13ljy1x,2023-05-19,Onepiece
13lzooe,2023-05-19,Onepiece
13lu0nh,2023-05-19,Onepiece
13lzjg3,2023-05-19,Onepiece
13l2jg0,2023-05-18,Onepiece
13lhzwm,2023-05-19,Onepiece
13ls9wg,2023-05-19,Onepiece
13l3wd9,2023-05-18,Onepiece
13l69n4,2023-05-18,Onepiece
13l0b80,2023-05-18,Onepiece
13m22ve,2023-05-19,Onepiece
13lnkbw,2023-05-19,Onepiece
13lsadh,2023-05-19,Onepiece
13kshdh,2023-05-18,Onepiece
13lzq04,2023-05-19,Onepiece
13lm4e7,2023-05-19,Onepiece
13lsydr,2023-05-19,Onepiece
13m3tkn,2023-05-19,Onepiece
13lwbmg,2023-05-19,Onepiece
13l0zbb,2023-05-18,Onepiece
13lq4vv,2023-05-19,Onepiece
13m2st5,2023-05-19,Onepiece
13ljqxa,2023-05-19,Onepiece
13lj5x8,2023-05-19,Onepiece
13lm4v9,2023-05-19,Onepiece
13luxx2,2023-05-19,Onepiece
13lz7wz,2023-05-19,Onepiece
13kv9th,2023-05-18,Onepiece
13m3nj8,2023-05-19,Onepiece
13m361a,2023-05-19,Onepiece
13ly83v,2023-05-19,Onepiece
13lvjre,2023-05-19,Onepiece
13m413e,2023-05-19,Onepiece
13ltqtr,2023-05-19,Onepiece
13lzufu,2023-05-19,Onepiece
13kyfca,2023-05-18,Onepiece
13lz64z,2023-05-19,Onepiece
13lz3ju,2023-05-19,Onepiece
13m1gln,2023-05-19,Onepiece
13m4gwn,2023-05-19,Onepiece
13lyb8j,2023-05-19,Onepiece
13ly8l3,2023-05-19,Onepiece
13m3z96,2023-05-19,Onepiece
13m3z4z,2023-05-19,Onepiece
13m3wo5,2023-05-19,Onepiece
13m3qfq,2023-05-19,Onepiece
13ls4zo,2023-05-19,Onepiece
13lcmqy,2023-05-18,Onepiece
13lx9sa,2023-05-19,Onepiece
13m3bo9,2023-05-19,Onepiece
13m3af7,2023-05-19,Onepiece
13lobqk,2023-05-19,Onepiece
13l365a,2023-05-18,Onepiece
13lymiu,2023-05-19,Onepiece
13ly5fm,2023-05-19,Onepiece
13m0t1g,2023-05-19,Onepiece
13l27qr,2023-05-18,Onepiece
13m0gke,2023-05-19,Onepiece
13lfy4z,2023-05-19,Onepiece
13lvt52,2023-05-19,Onepiece
13lyy9r,2023-05-19,Onepiece
13kqymq,2023-05-18,Onepiece
13m49n8,2023-05-19,Onepiece
13lgpmx,2023-05-19,Onepiece
13m48az,2023-05-19,Onepiece
13luag9,2023-05-19,Onepiece
13lxmk0,2023-05-19,Onepiece
13l2agk,2023-05-18,Onepiece
13ltzx6,2023-05-19,Onepiece
13m3cgx,2023-05-19,Onepiece
13lx39b,2023-05-19,Onepiece
13m3ack,2023-05-19,Onepiece
13m39e8,2023-05-19,Onepiece
13m366i,2023-05-19,Onepiece
13m34qf,2023-05-19,Onepiece
13lwt7q,2023-05-19,Onepiece
13kg0pq,2023-05-17,Onepiece
13m2x44,2023-05-19,Onepiece
13m25l5,2023-05-19,Onepiece
13lso6i,2023-05-19,Onepiece
13m1sei,2023-05-19,Onepiece
13kp0g4,2023-05-18,Onepiece
13l9zj5,2023-05-18,Onepiece
13l5e8h,2023-05-18,Onepiece
13l6gjq,2023-05-18,Onepiece
13m1989,2023-05-19,Onepiece
13lv2yn,2023-05-19,Onepiece
13m0t24,2023-05-19,Onepiece
13m0pm0,2023-05-19,Onepiece
13lpyzr,2023-05-19,Onepiece
13m0a2i,2023-05-19,Onepiece
13k7m69,2023-05-17,Onepiece
13l3i6w,2023-05-18,Onepiece
13lzkos,2023-05-19,Onepiece
13lz8h1,2023-05-19,Onepiece
13kutav,2023-05-18,Onepiece
13lz1ba,2023-05-19,Onepiece
13lyxzs,2023-05-19,Onepiece
13lyw49,2023-05-19,Onepiece
13lh7ca,2023-05-19,Onepiece
13ll7dq,2023-05-19,Onepiece
13lspj2,2023-05-19,Onepiece
13loakj,2023-05-19,Onepiece
13kq625,2023-05-18,Onepiece
13kmcil,2023-05-18,Onepiece
13lxp74,2023-05-19,Onepiece
13lbrqw,2023-05-18,Onepiece
13lw2og,2023-05-19,Onepiece
13ldw5c,2023-05-18,Onepiece
13l3f14,2023-05-18,Onepiece
13lvxha,2023-05-19,Onepiece
13lvpkb,2023-05-19,Onepiece
13lvi0h,2023-05-19,Onepiece
13kvn2s,2023-05-18,Onepiece
13lv6gk,2023-05-19,Onepiece
13luw3c,2023-05-19,Onepiece
13l525j,2023-05-18,Onepiece
13l7osq,2023-05-18,Onepiece
13kvaz3,2023-05-18,Onepiece
13llrfm,2023-05-19,Onepiece
13lnbly,2023-05-19,Onepiece
13lu85x,2023-05-19,Onepiece
13ln8w8,2023-05-19,Onepiece
13ltyvb,2023-05-19,Onepiece
13l1n38,2023-05-18,Onepiece
13lphes,2023-05-19,Onepiece
13lpciz,2023-05-19,Onepiece
13ltqwl,2023-05-19,Onepiece
13ltp29,2023-05-19,Onepiece
13kp5re,2023-05-18,Onepiece
13ltmhj,2023-05-19,Onepiece
13lsy17,2023-05-19,Onepiece
13lsnzm,2023-05-19,Onepiece
13lsk4b,2023-05-19,Onepiece
13lo5vz,2023-05-19,Onepiece
13knsp1,2023-05-18,Onepiece
13lrzal,2023-05-19,Onepiece
13lrevp,2023-05-19,Onepiece
13lil70,2023-05-19,Onepiece
13lqxca,2023-05-19,Onepiece
13lgq60,2023-05-19,Onepiece
13lquf2,2023-05-19,Onepiece
13lqo8y,2023-05-19,Onepiece
13k4aom,2023-05-17,Onepiece
13k6kcd,2023-05-17,Onepiece
13lulah,2023-05-19,Onepiece
13kd4ro,2023-05-17,Onepiece
13lf1m4,2023-05-18,Onepiece
13kzbhk,2023-05-18,Onepiece
13l56sj,2023-05-18,Onepiece
13lfxl3,2023-05-19,Onepiece
13lhznj,2023-05-19,Onepiece
13lt6hb,2023-05-19,Onepiece
13lhsu8,2023-05-19,Onepiece
13kzksh,2023-05-18,Onepiece
13loba4,2023-05-19,Onepiece
13ljxoo,2023-05-19,Onepiece
13lo24d,2023-05-19,Onepiece
13ljsva,2023-05-19,Onepiece
13la8e3,2023-05-18,Onepiece
13lcwbr,2023-05-18,Onepiece
13lg7u1,2023-05-19,Onepiece
13lnexv,2023-05-19,Onepiece
13l83jd,2023-05-18,Onepiece
13ln8ly,2023-05-19,Onepiece
13ln8g1,2023-05-19,Onepiece
13ln527,2023-05-19,Onepiece
13ln3ok,2023-05-19,Onepiece
13ln28y,2023-05-19,Onepiece
13l7ley,2023-05-18,Onepiece
13li9p7,2023-05-19,Onepiece
13lmo8r,2023-05-19,Onepiece
13lmjad,2023-05-19,Onepiece
13lhxta,2023-05-19,Onepiece
13lhucr,2023-05-19,Onepiece
13lcav8,2023-05-18,Onepiece
13kxzgv,2023-05-18,Onepiece
13krpz4,2023-05-18,Onepiece
13lh8mf,2023-05-19,Onepiece
13lllqk,2023-05-19,Onepiece
13lppfk,2023-05-19,Onepiece
13lgw4m,2023-05-19,Onepiece
13ll905,2023-05-19,Onepiece
13jvu31,2023-05-17,Onepiece
13lg3wg,2023-05-19,Onepiece
13k39p5,2023-05-17,Onepiece
13lcmoj,2023-05-18,Onepiece
13lkmhx,2023-05-19,Onepiece
13lfdzh,2023-05-19,Onepiece
13l9mro,2023-05-18,Onepiece
13lo9ij,2023-05-19,Onepiece
13k4juq,2023-05-17,Onepiece
13kdf6u,2023-05-17,Onepiece
13khwwh,2023-05-17,Onepiece
13l29xk,2023-05-18,Onepiece
13ljm1j,2023-05-19,Onepiece
13lb93w,2023-05-18,Onepiece
13lj6oz,2023-05-19,Onepiece
13ldxm7,2023-05-18,Onepiece
13liwj0,2023-05-19,Onepiece
13livd7,2023-05-19,Onepiece
13ldpxj,2023-05-18,Onepiece
13l7z00,2023-05-18,Onepiece
13litqb,2023-05-19,Onepiece
13ldnux,2023-05-18,Onepiece
13laaq2,2023-05-18,Onepiece
13ldhz8,2023-05-18,Onepiece
13likzi,2023-05-19,Onepiece
13kz1np,2023-05-18,Onepiece
13l9l9s,2023-05-18,Onepiece
13ky5ux,2023-05-18,Onepiece
13lhjt5,2023-05-19,Onepiece
13krxah,2023-05-18,Onepiece
13jxbdq,2023-05-17,Onepiece
13kvejt,2023-05-18,Onepiece
13kyfjm,2023-05-18,Onepiece
13lh0ui,2023-05-19,Onepiece
13lgy9o,2023-05-19,Onepiece
13lguqf,2023-05-19,Onepiece
13l5iek,2023-05-18,Onepiece
13lgmog,2023-05-19,Onepiece
13llcky,2023-05-19,Onepiece
13k64iy,2023-05-17,Onepiece
13lg9yp,2023-05-19,Onepiece
13lg7sf,2023-05-19,Onepiece
13laqol,2023-05-18,Onepiece
13lg0t1,2023-05-19,Onepiece
13lg0hu,2023-05-19,Onepiece
13lfuo0,2023-05-19,Onepiece
13lftf0,2023-05-19,Onepiece
13lfl0b,2023-05-19,Onepiece
13lfbxf,2023-05-19,Onepiece
13l3u8r,2023-05-18,Onepiece
13ku21j,2023-05-18,Onepiece
13lf3yu,2023-05-18,Onepiece
13lf116,2023-05-18,Onepiece
13l91dz,2023-05-18,Onepiece
13k2f1b,2023-05-17,Onepiece
13kza91,2023-05-18,Onepiece
13l4uwf,2023-05-18,Onepiece
13lnf82,2023-05-19,Onepiece
13lduei,2023-05-18,Onepiece
13l7uwr,2023-05-18,Onepiece
13ldayo,2023-05-18,Onepiece
13kngmy,2023-05-18,Onepiece
13k8ajg,2023-05-17,Onepiece
13ld1fi,2023-05-18,Onepiece
13ky67n,2023-05-18,Onepiece
13lco5g,2023-05-18,Onepiece
13lc4sx,2023-05-18,Onepiece
13lc4dg,2023-05-18,Onepiece
13lc46t,2023-05-18,Onepiece
13ks19x,2023-05-18,Onepiece
13k91ez,2023-05-17,Onepiece
13kuvbq,2023-05-18,Onepiece
13lboy0,2023-05-18,Onepiece
13l5r2c,2023-05-18,Onepiece
13l5qj2,2023-05-18,Onepiece
13ljqii,2023-05-19,Onepiece
13lbg6v,2023-05-18,Onepiece
13law7i,2023-05-18,Onepiece
13laoam,2023-05-18,Onepiece
13lal07,2023-05-18,Onepiece
13lo55i,2023-05-19,Onepiece
13la1zm,2023-05-18,Onepiece
13kwo5q,2023-05-18,Onepiece
13l9rwz,2023-05-18,Onepiece
13l9mww,2023-05-18,Onepiece
13l9jxn,2023-05-18,Onepiece
13l3naj,2023-05-18,Onepiece
13l9icr,2023-05-18,Onepiece
13l9hwq,2023-05-18,Onepiece
13l9av7,2023-05-18,Onepiece
13l992e,2023-05-18,Onepiece
13l3buo,2023-05-18,Onepiece
13k0x26,2023-05-17,Onepiece
13l91x5,2023-05-18,Onepiece
13l8yf9,2023-05-18,Onepiece
13l8slf,2023-05-18,Onepiece
13l8ruj,2023-05-18,Onepiece
13loym9,2023-05-19,Onepiece
13kzft4,2023-05-18,Onepiece
13kq4c1,2023-05-18,Onepiece
13l8enb,2023-05-18,Onepiece
13l83qu,2023-05-18,Onepiece
13kiz4u,2023-05-18,Onepiece
13kjfm9,2023-05-18,Onepiece
13l81je,2023-05-18,Onepiece
13l7a40,2023-05-18,Onepiece
13kubxu,2023-05-18,Onepiece
13l6zjs,2023-05-18,Onepiece
13l0xwm,2023-05-18,Onepiece
13l6nw0,2023-05-18,Onepiece
13l6a40,2023-05-18,Onepiece
13l68vn,2023-05-18,Onepiece
13lf730,2023-05-19,Onepiece
13kq70s,2023-05-18,Onepiece
13l5tme,2023-05-18,Onepiece
13l5loq,2023-05-18,Onepiece
13kdzfu,2023-05-17,Onepiece
13l5fj7,2023-05-18,Onepiece
13kqem0,2023-05-18,Onepiece
13l4z90,2023-05-18,Onepiece
13l4t8c,2023-05-18,Onepiece
13k9r4j,2023-05-17,Onepiece
13kl5d2,2023-05-18,Onepiece
13l4c6o,2023-05-18,Onepiece
13l4979,2023-05-18,Onepiece
13ldev5,2023-05-18,Onepiece
13kmxxa,2023-05-18,Onepiece
13l440p,2023-05-18,Onepiece
13ld7fw,2023-05-18,Onepiece
13kq6qj,2023-05-18,Onepiece
13kyeic,2023-05-18,Onepiece
13ks2ta,2023-05-18,Onepiece
13l9rvc,2023-05-18,Onepiece
13lcu9m,2023-05-18,Onepiece
13kxx0b,2023-05-18,Onepiece
13kur6w,2023-05-18,Onepiece
13kxtyw,2023-05-18,Onepiece
13lho64,2023-05-19,Onepiece
13l2vze,2023-05-18,Onepiece
13kfghb,2023-05-17,Onepiece
13l2l1p,2023-05-18,Onepiece
13jgmcm,2023-05-16,Onepiece
13lgx20,2023-05-19,Onepiece
13k42we,2023-05-17,Onepiece
13kpuiu,2023-05-18,Onepiece
13kwake,2023-05-18,Onepiece
13l1n2e,2023-05-18,Onepiece
13l7fw5,2023-05-18,Onepiece
13kpccv,2023-05-18,Onepiece
13kod94,2023-05-18,Onepiece
13ld0rp,2023-05-18,Onepiece
13l1dgz,2023-05-18,Onepiece
13l1agp,2023-05-18,Onepiece
13kt6mz,2023-05-18,Onepiece
13l11g7,2023-05-18,Onepiece
13k8ql9,2023-05-17,Onepiece
13l0uol,2023-05-18,Onepiece
13l0n23,2023-05-18,Onepiece
13khion,2023-05-17,Onepiece
13l0668,2023-05-18,Onepiece
13kzt1o,2023-05-18,Onepiece
13l5975,2023-05-18,Onepiece
13kzl0l,2023-05-18,Onepiece
13kru2o,2023-05-18,Onepiece
13kzenh,2023-05-18,Onepiece
13kze0p,2023-05-18,Onepiece
13kz8zh,2023-05-18,Onepiece
13km761,2023-05-18,Onepiece
13kyxny,2023-05-18,Onepiece
13jgptm,2023-05-16,Onepiece
13ktk5k,2023-05-18,Onepiece
13lfden,2023-05-19,Onepiece
13kmp9f,2023-05-18,Onepiece
13l3s6k,2023-05-18,Onepiece
13ky7zn,2023-05-18,Onepiece
13ky5ka,2023-05-18,Onepiece
13kbvpl,2023-05-17,Onepiece
13kc945,2023-05-17,Onepiece
13kt38f,2023-05-18,Onepiece
13kesqw,2023-05-17,Onepiece
13kga4v,2023-05-17,Onepiece
13kssaf,2023-05-18,Onepiece
13ju8ad,2023-05-17,Onepiece
13kxax5,2023-05-18,Onepiece
13kx2qg,2023-05-18,Onepiece
13kq23p,2023-05-18,Onepiece
13kq0iu,2023-05-18,Onepiece
13kwipl,2023-05-18,Onepiece
13kwcn6,2023-05-18,Onepiece
13k7ve9,2023-05-17,Onepiece
13km6rz,2023-05-18,Onepiece
13l1nvl,2023-05-18,Onepiece
13jypxm,2023-05-17,Onepiece
13l0max,2023-05-18,Onepiece
13komti,2023-05-18,Onepiece
13ko4h9,2023-05-18,Onepiece
13kd8x0,2023-05-17,Onepiece
13kqcxm,2023-05-18,Onepiece
13knqkn,2023-05-18,Onepiece
13jlmbg,2023-05-17,Onepiece
13ktxnn,2023-05-18,Onepiece
13kz1ve,2023-05-18,Onepiece
13l82yx,2023-05-18,Onepiece
13jxih3,2023-05-17,Onepiece
13kyxzm,2023-05-18,Onepiece
13ktqve,2023-05-18,Onepiece
13kj7ko,2023-05-18,Onepiece
13kphwf,2023-05-18,Onepiece
13kt7yp,2023-05-18,Onepiece
13ky38s,2023-05-18,Onepiece
13j23bv,2023-05-16,Onepiece
13kort9,2023-05-18,Onepiece
13ksrx4,2023-05-18,Onepiece
13ja4tw,2023-05-16,Onepiece
13koifv,2023-05-18,Onepiece
13kseqe,2023-05-18,Onepiece
13ksdx5,2023-05-18,Onepiece
13kdoe8,2023-05-17,Onepiece
13ksaek,2023-05-18,Onepiece
13ks9xy,2023-05-18,Onepiece
13kzw18,2023-05-18,Onepiece
13ks06c,2023-05-18,Onepiece
13kivcd,2023-05-18,Onepiece
13kfioz,2023-05-17,Onepiece
13kkpb6,2023-05-18,Onepiece
13k6h6x,2023-05-17,Onepiece
13kyjqt,2023-05-18,Onepiece
13ja5yc,2023-05-16,Onepiece
13kjp0j,2023-05-18,Onepiece
13kqtbe,2023-05-18,Onepiece
13jsbqh,2023-05-17,Onepiece
13kqmdr,2023-05-18,Onepiece
13kq04b,2023-05-18,Onepiece
13kifkj,2023-05-17,Onepiece
13l3acj,2023-05-18,Onepiece
13j4zjq,2023-05-16,Onepiece
13kpkut,2023-05-18,Onepiece
13kpimg,2023-05-18,Onepiece
13k9bze,2023-05-17,Onepiece
13kf9t9,2023-05-17,Onepiece
13kkh5z,2023-05-18,Onepiece
13kkgq5,2023-05-18,Onepiece
13kbes9,2023-05-17,Onepiece
13ka2vi,2023-05-17,Onepiece
13k53wb,2023-05-17,Onepiece
13kh4a1,2023-05-17,Onepiece
13k0sib,2023-05-17,Onepiece
13ko99y,2023-05-18,Onepiece
13k5j9w,2023-05-17,Onepiece
13knzng,2023-05-18,Onepiece
13kb9zz,2023-05-17,Onepiece
13kzg85,2023-05-18,Onepiece
13kxsu2,2023-05-18,Onepiece
13knhlf,2023-05-18,Onepiece
13kttce,2023-05-18,Onepiece
13kab50,2023-05-17,Onepiece
13l1cwz,2023-05-18,Onepiece
13l2ski,2023-05-18,Onepiece
13jnr5o,2023-05-17,Onepiece
13kdfj0,2023-05-17,Onepiece
13jkher,2023-05-16,Onepiece
13k6ngw,2023-05-17,Onepiece
13kl5fu,2023-05-18,Onepiece
13j47dq,2023-05-16,Onepiece
13jx1nu,2023-05-17,Onepiece
13kbqtz,2023-05-17,Onepiece
13kbqsm,2023-05-17,Onepiece
13kkarg,2023-05-18,Onepiece
13k8iax,2023-05-17,Onepiece
13kk1vj,2023-05-18,Onepiece
13kjc6r,2023-05-18,Onepiece
13ka100,2023-05-17,Onepiece
13kz8ab,2023-05-18,Onepiece
13k69bm,2023-05-17,Onepiece
13ki3g0,2023-05-17,Onepiece
13kc8tn,2023-05-17,Onepiece
13kc6ra,2023-05-17,Onepiece
13jcpjj,2023-05-16,Onepiece
13k3f24,2023-05-17,Onepiece
13kbc2l,2023-05-17,Onepiece
13kgzb5,2023-05-17,Onepiece
13jducu,2023-05-16,Onepiece
13ipyjq,2023-05-16,Onepiece
13jvzvt,2023-05-17,Onepiece
13kfv4l,2023-05-17,Onepiece
13j8d7g,2023-05-16,Onepiece
13k5q29,2023-05-17,Onepiece
13kf1is,2023-05-17,Onepiece
13kex3i,2023-05-17,Onepiece
13jwae9,2023-05-17,Onepiece
13kem37,2023-05-17,Onepiece
13keh2i,2023-05-17,Onepiece
13kjxil,2023-05-18,Onepiece
13kop4i,2023-05-18,Onepiece
13jy7ff,2023-05-17,Onepiece
13jgyvs,2023-05-16,Onepiece
13kcdw7,2023-05-17,Onepiece
13kcbti,2023-05-17,Onepiece
13k656e,2023-05-17,Onepiece
13kc6kx,2023-05-17,Onepiece
13kn1xp,2023-05-18,Onepiece
13kqhhc,2023-05-18,Onepiece
13j2tud,2023-05-16,Onepiece
13js8ab,2023-05-17,Onepiece
13k4twv,2023-05-17,Onepiece
13jffa1,2023-05-16,Onepiece
13jaq9v,2023-05-16,Onepiece
13kjgd7,2023-05-18,Onepiece
13jynik,2023-05-17,Onepiece
13ka7b6,2023-05-17,Onepiece
13iivcl,2023-05-15,Onepiece
13ifwma,2023-05-15,Onepiece
13jxw1h,2023-05-17,Onepiece
13jdhxz,2023-05-16,Onepiece
13jjj8u,2023-05-16,Onepiece
13jna7w,2023-05-17,Onepiece
13j6zju,2023-05-16,Onepiece
13k8v0n,2023-05-17,Onepiece
13k8s2l,2023-05-17,Onepiece
13k8rle,2023-05-17,Onepiece
13ki3la,2023-05-17,Onepiece
13ijjbi,2023-05-15,Onepiece
13k2ef8,2023-05-17,Onepiece
13k82a1,2023-05-17,Onepiece
13kjnip,2023-05-18,Onepiece
13k1kkh,2023-05-17,Onepiece
13k7e3k,2023-05-17,Onepiece
13iknwj,2023-05-15,Onepiece
13jouse,2023-05-17,Onepiece
13iy2yu,2023-05-16,Onepiece
13jsxnx,2023-05-17,Onepiece
13il352,2023-05-15,Onepiece
13k07j8,2023-05-17,Onepiece
13jzy6y,2023-05-17,Onepiece
13k4yyu,2023-05-17,Onepiece
13k4jrg,2023-05-17,Onepiece
13jbfii,2023-05-16,Onepiece
13juq9r,2023-05-17,Onepiece
13kgctd,2023-05-17,Onepiece
13kgbap,2023-05-17,Onepiece
13jgyvy,2023-05-16,Onepiece
13j35i9,2023-05-16,Onepiece
13j5uvf,2023-05-16,Onepiece
13k2xyq,2023-05-17,Onepiece
13k2s45,2023-05-17,Onepiece
13kdwna,2023-05-17,Onepiece
13k1qzn,2023-05-17,Onepiece
13jam40,2023-05-16,Onepiece
13intv7,2023-05-15,Onepiece
13jbzeh,2023-05-16,Onepiece
13k15iq,2023-05-17,Onepiece
13k10o0,2023-05-17,Onepiece
13je9b0,2023-05-16,Onepiece
13k6tfl,2023-05-17,Onepiece
13kdw7b,2023-05-17,Onepiece
13jrjk6,2023-05-17,Onepiece
13jmlx5,2023-05-17,Onepiece
13jzr8w,2023-05-17,Onepiece
13kar4o,2023-05-17,Onepiece
13jyyxb,2023-05-17,Onepiece
13jyqwa,2023-05-17,Onepiece
13jiwtx,2023-05-16,Onepiece
13kdkaz,2023-05-17,Onepiece
13jlspr,2023-05-17,Onepiece
13jrikc,2023-05-17,Onepiece
13jxtb1,2023-05-17,Onepiece
13j29ks,2023-05-16,Onepiece
13jp7us,2023-05-17,Onepiece
13k5um1,2023-05-17,Onepiece
13iyi8n,2023-05-16,Onepiece
13ir48m,2023-05-16,Onepiece
13jwt7p,2023-05-17,Onepiece
13j7lwh,2023-05-16,Onepiece
13jwi9s,2023-05-17,Onepiece
13jngtz,2023-05-17,Onepiece
13jw1bz,2023-05-17,Onepiece
13jvkn0,2023-05-17,Onepiece
13jvi29,2023-05-17,Onepiece
13jvfo1,2023-05-17,Onepiece
13j0d16,2023-05-16,Onepiece
13iewgp,2023-05-15,Onepiece
13jqej5,2023-05-17,Onepiece
13jdszk,2023-05-16,Onepiece
13jq2i7,2023-05-17,Onepiece
13juf0i,2023-05-17,Onepiece
13k3ils,2023-05-17,Onepiece
13ju8ju,2023-05-17,Onepiece
13jc1z4,2023-05-16,Onepiece
13jtxkg,2023-05-17,Onepiece
13jtvel,2023-05-17,Onepiece
13jegik,2023-05-16,Onepiece
13ji6uf,2023-05-16,Onepiece
13jowpm,2023-05-17,Onepiece
13jth97,2023-05-17,Onepiece
13j5ts6,2023-05-16,Onepiece
13ibt0g,2023-05-15,Onepiece
13jlja1,2023-05-17,Onepiece
13irb88,2023-05-16,Onepiece
13jsy07,2023-05-17,Onepiece
13jo8vv,2023-05-17,Onepiece
13jc5eo,2023-05-16,Onepiece
13jsc3r,2023-05-17,Onepiece
13jg52d,2023-05-16,Onepiece
13jrorv,2023-05-17,Onepiece
13kdg8x,2023-05-17,Onepiece
13jmp5t,2023-05-17,Onepiece
13jrddd,2023-05-17,Onepiece
13j66h2,2023-05-16,Onepiece
13i6f6d,2023-05-15,Onepiece
13ilzx3,2023-05-15,Onepiece
13i9a1v,2023-05-15,Onepiece
13jqysv,2023-05-17,Onepiece
13jikqf,2023-05-16,Onepiece
13jyz9g,2023-05-17,Onepiece
13jql7x,2023-05-17,Onepiece
13jutgx,2023-05-17,Onepiece
13ivhyy,2023-05-16,Onepiece
13izd9k,2023-05-16,Onepiece
13k07j6,2023-05-17,Onepiece
13jq67y,2023-05-17,Onepiece
13irfjk,2023-05-16,Onepiece
13jepm5,2023-05-16,Onepiece
13j1a0i,2023-05-16,Onepiece
13ij4gt,2023-05-15,Onepiece
13je6vt,2023-05-16,Onepiece
13jovbl,2023-05-17,Onepiece
13jgdh0,2023-05-16,Onepiece
13jorr1,2023-05-17,Onepiece
13jt5yr,2023-05-17,Onepiece
13jg1x1,2023-05-16,Onepiece
13j8shy,2023-05-16,Onepiece
13jo6zg,2023-05-17,Onepiece
13juyyu,2023-05-17,Onepiece
13jnovm,2023-05-17,Onepiece
13jne21,2023-05-17,Onepiece
13jablu,2023-05-16,Onepiece
13j6422,2023-05-16,Onepiece
13jn3kp,2023-05-17,Onepiece
13j895r,2023-05-16,Onepiece
13je5o7,2023-05-16,Onepiece
13jmpxp,2023-05-17,Onepiece
13jmn31,2023-05-17,Onepiece
13j6iiq,2023-05-16,Onepiece
13jb5et,2023-05-16,Onepiece
13j7l2e,2023-05-16,Onepiece
13ic4lm,2023-05-15,Onepiece
13ikco5,2023-05-15,Onepiece
13jqqa6,2023-05-17,Onepiece
13j1g3e,2023-05-16,Onepiece
13jlc7v,2023-05-16,Onepiece
13j9qzd,2023-05-16,Onepiece
13jl6wr,2023-05-16,Onepiece
13jbshh,2023-05-16,Onepiece
13izyyh,2023-05-16,Onepiece
13jjnou,2023-05-16,Onepiece
13j5zki,2023-05-16,Onepiece
13jjg7e,2023-05-16,Onepiece
13j7doq,2023-05-16,Onepiece
13jj4l3,2023-05-16,Onepiece
13jd7r0,2023-05-16,Onepiece
13j2qtz,2023-05-16,Onepiece
13i5dli,2023-05-15,Onepiece
13jsc1t,2023-05-17,Onepiece
13ji71g,2023-05-16,Onepiece
13jcaav,2023-05-16,Onepiece
13ji57w,2023-05-16,Onepiece
13j47y9,2023-05-16,Onepiece
13jhti5,2023-05-16,Onepiece
13iz3u8,2023-05-16,Onepiece
13jhp9u,2023-05-16,Onepiece
13jhofw,2023-05-16,Onepiece
13jh7qo,2023-05-16,Onepiece
13icjbs,2023-05-15,Onepiece
13jgsaw,2023-05-16,Onepiece
13jaqfr,2023-05-16,Onepiece
13jgkhm,2023-05-16,Onepiece
13ja1ay,2023-05-16,Onepiece
13job87,2023-05-17,Onepiece
13httvr,2023-05-15,Onepiece
13i68yh,2023-05-15,Onepiece
13hxgzk,2023-05-15,Onepiece
13jzbcu,2023-05-17,Onepiece
13jefkx,2023-05-16,Onepiece
13j8gkd,2023-05-16,Onepiece
13jeefx,2023-05-16,Onepiece
13je6oo,2023-05-16,Onepiece
13jdx6o,2023-05-16,Onepiece
13jds7c,2023-05-16,Onepiece
13iyuio,2023-05-16,Onepiece
13j0py5,2023-05-16,Onepiece
13jd1yb,2023-05-16,Onepiece
13iyj2n,2023-05-16,Onepiece
13j3slh,2023-05-16,Onepiece
13ihb7v,2023-05-15,Onepiece
13ifnrj,2023-05-15,Onepiece
13jhoyg,2023-05-16,Onepiece
13jbiwj,2023-05-16,Onepiece
13ijh66,2023-05-15,Onepiece
13ia1sq,2023-05-15,Onepiece
13ixszo,2023-05-16,Onepiece
13jajat,2023-05-16,Onepiece
13jg74n,2023-05-16,Onepiece
13ixh5e,2023-05-16,Onepiece
13i99w1,2023-05-15,Onepiece
13j9b40,2023-05-16,Onepiece
13j98jm,2023-05-16,Onepiece
13iwvsm,2023-05-16,Onepiece
13iv4g1,2023-05-16,Onepiece
13jidmx,2023-05-16,Onepiece
13is0o5,2023-05-16,Onepiece
13k7lou,2023-05-17,Onepiece
13i70q3,2023-05-15,Onepiece
13j8l6c,2023-05-16,Onepiece
13jk8ri,2023-05-16,Onepiece
13i0erp,2023-05-15,Onepiece
13j2rbv,2023-05-16,Onepiece
13j878d,2023-05-16,Onepiece
13ihp3i,2023-05-15,Onepiece
13hgvmi,2023-05-14,Onepiece
13ir1r9,2023-05-16,Onepiece
13j7gqt,2023-05-16,Onepiece
13ivnjf,2023-05-16,Onepiece
13ifxdh,2023-05-15,Onepiece
13jm46z,2023-05-17,Onepiece
13j78hm,2023-05-16,Onepiece
13jqfon,2023-05-17,Onepiece
13j73bn,2023-05-16,Onepiece
13i824d,2023-05-15,Onepiece
13izdlc,2023-05-16,Onepiece
13ixqqu,2023-05-16,Onepiece
13j6z15,2023-05-16,Onepiece
13iwbws,2023-05-16,Onepiece
13jlmbh,2023-05-17,Onepiece
13is9q8,2023-05-16,Onepiece
13jcen1,2023-05-16,Onepiece
13j6dzz,2023-05-16,Onepiece
13hoh9m,2023-05-14,Onepiece
13j5yr3,2023-05-16,Onepiece
13iths4,2023-05-16,Onepiece
13jbngc,2023-05-16,Onepiece
13j5kgi,2023-05-16,Onepiece
13j0imo,2023-05-16,Onepiece
13j4x86,2023-05-16,Onepiece
13izy7k,2023-05-16,Onepiece
13i7bye,2023-05-15,Onepiece
13ip1j5,2023-05-16,Onepiece
13j3dhl,2023-05-16,Onepiece
13j2tnv,2023-05-16,Onepiece
13j2pfe,2023-05-16,Onepiece
13jmujj,2023-05-17,Onepiece
13iydsm,2023-05-16,Onepiece
13j7z75,2023-05-16,Onepiece
13ilunu,2023-05-15,Onepiece
13j2caf,2023-05-16,Onepiece
13hsh1z,2023-05-15,Onepiece
13jkctv,2023-05-16,Onepiece
13jceew,2023-05-16,Onepiece
13jf6t4,2023-05-16,Onepiece
13hv0cz,2023-05-15,Onepiece
13j0j87,2023-05-16,Onepiece
13ifuus,2023-05-15,Onepiece
13j0d9d,2023-05-16,Onepiece
13j023j,2023-05-16,Onepiece
13j4n8b,2023-05-16,Onepiece
13izqcs,2023-05-16,Onepiece
13ivpw1,2023-05-16,Onepiece
13hw8q8,2023-05-15,Onepiece
13ivfyd,2023-05-16,Onepiece
13izao4,2023-05-16,Onepiece
13ia5p8,2023-05-15,Onepiece
13iyxrv,2023-05-16,Onepiece
13ihrmq,2023-05-15,Onepiece
13iym67,2023-05-16,Onepiece
13ikq5p,2023-05-15,Onepiece
13iu9r0,2023-05-16,Onepiece
13iqwml,2023-05-16,Onepiece
13ixu3y,2023-05-16,Onepiece
13iocov,2023-05-15,Onepiece
13iafvy,2023-05-15,Onepiece
13ixkyw,2023-05-16,Onepiece
13hib4z,2023-05-14,Onepiece
13ixinh,2023-05-16,Onepiece
13inrg6,2023-05-15,Onepiece
13jllvn,2023-05-17,Onepiece
13isn5u,2023-05-16,Onepiece
13ig0q9,2023-05-15,Onepiece
13hl4ky,2023-05-14,Onepiece
13i2wpv,2023-05-15,Onepiece
13i8d5v,2023-05-15,Onepiece
13ivxdc,2023-05-16,Onepiece
13idg2x,2023-05-15,Onepiece
13ir70s,2023-05-16,Onepiece
13if40q,2023-05-15,Onepiece
13ivnnj,2023-05-16,Onepiece
13ivj5z,2023-05-16,Onepiece
13j70gy,2023-05-16,Onepiece
13ifpt6,2023-05-15,Onepiece
13h60zj,2023-05-14,Onepiece
13j3dpc,2023-05-16,Onepiece
13hefvu,2023-05-14,Onepiece
13ius8m,2023-05-16,Onepiece
13icede,2023-05-15,Onepiece
13iu7j1,2023-05-16,Onepiece
13ij865,2023-05-15,Onepiece
13ikvzz,2023-05-15,Onepiece
13ikpre,2023-05-15,Onepiece
13ied5n,2023-05-15,Onepiece
13hsl07,2023-05-15,Onepiece
13io1fs,2023-05-15,Onepiece
13hcq64,2023-05-14,Onepiece
13j6gmp,2023-05-16,Onepiece
13ikcao,2023-05-15,Onepiece
13icsbi,2023-05-15,Onepiece
13jc1j1,2023-05-16,Onepiece
13hb3vo,2023-05-14,Onepiece
13idnpa,2023-05-15,Onepiece
13i20bh,2023-05-15,Onepiece
13hquhf,2023-05-14,Onepiece
13i4v9n,2023-05-15,Onepiece
13ieof3,2023-05-15,Onepiece
13ieluu,2023-05-15,Onepiece
13ivaa6,2023-05-16,Onepiece
13igyfp,2023-05-15,Onepiece
13iq9vc,2023-05-16,Onepiece
13igktm,2023-05-15,Onepiece
13hwfed,2023-05-15,Onepiece
13ipv0u,2023-05-16,Onepiece
13hi2jz,2023-05-14,Onepiece
13ijpgd,2023-05-15,Onepiece
13ijjmm,2023-05-15,Onepiece
13hv3ua,2023-05-15,Onepiece
13ijagg,2023-05-15,Onepiece
13ip4oi,2023-05-16,Onepiece
13ip2lj,2023-05-16,Onepiece
13hf6vy,2023-05-14,Onepiece
13h1l9e,2023-05-14,Onepiece
13iocip,2023-05-15,Onepiece
13i4a9k,2023-05-15,Onepiece
13ii3a7,2023-05-15,Onepiece
13it5ua,2023-05-16,Onepiece
13invtm,2023-05-15,Onepiece
13inuru,2023-05-15,Onepiece
13i81sk,2023-05-15,Onepiece
13igx7x,2023-05-15,Onepiece
13imyf3,2023-05-15,Onepiece
13i3hdc,2023-05-15,Onepiece
13i0ub8,2023-05-15,Onepiece
13i9ipk,2023-05-15,Onepiece
13hf52n,2023-05-14,Onepiece
13ilgxo,2023-05-15,Onepiece
13hx508,2023-05-15,Onepiece
13il67j,2023-05-15,Onepiece
13iki65,2023-05-15,Onepiece
13hpa9c,2023-05-14,Onepiece
13ikdct,2023-05-15,Onepiece
13ik38c,2023-05-15,Onepiece
13ijuy8,2023-05-15,Onepiece
13hk6nj,2023-05-14,Onepiece
13ijnev,2023-05-15,Onepiece
13iwx2a,2023-05-16,Onepiece
13ijjg5,2023-05-15,Onepiece
13helkr,2023-05-14,Onepiece
13iitgb,2023-05-15,Onepiece
13ht0l7,2023-05-15,Onepiece
13iip4a,2023-05-15,Onepiece
13iiorl,2023-05-15,Onepiece
13h640t,2023-05-14,Onepiece
13iif0v,2023-05-15,Onepiece
13hbp8z,2023-05-14,Onepiece
13io37b,2023-05-15,Onepiece
13ihryx,2023-05-15,Onepiece
13ihrh0,2023-05-15,Onepiece
13inw1s,2023-05-15,Onepiece
13i8d7h,2023-05-15,Onepiece
13ibpyi,2023-05-15,Onepiece
13ihem9,2023-05-15,Onepiece
13iha2r,2023-05-15,Onepiece
13igwbr,2023-05-15,Onepiece
13hkmez,2023-05-14,Onepiece
13ignb9,2023-05-15,Onepiece
13ifyji,2023-05-15,Onepiece
13ifpq8,2023-05-15,Onepiece
13ifoaa,2023-05-15,Onepiece
13izol1,2023-05-16,Onepiece
13iej8b,2023-05-15,Onepiece
13ie5uh,2023-05-15,Onepiece
13ie1wk,2023-05-15,Onepiece
13ie0hp,2023-05-15,Onepiece
13hhr0p,2023-05-14,Onepiece
13hl256,2023-05-14,Onepiece
13hdodh,2023-05-14,Onepiece
13idjbt,2023-05-15,Onepiece
13i7o44,2023-05-15,Onepiece
13i2yxo,2023-05-15,Onepiece
13idboy,2023-05-15,Onepiece
13idana,2023-05-15,Onepiece
13gqrgs,2023-05-13,Onepiece
13he8k0,2023-05-14,Onepiece
13i6xs7,2023-05-15,Onepiece
13ickza,2023-05-15,Onepiece
13icfm4,2023-05-15,Onepiece
13ic95s,2023-05-15,Onepiece
13ic8re,2023-05-15,Onepiece
13hurjh,2023-05-15,Onepiece
13i0dus,2023-05-15,Onepiece
13hhmx0,2023-05-14,Onepiece
13iblq5,2023-05-15,Onepiece
13i3c05,2023-05-15,Onepiece
13ib9t0,2023-05-15,Onepiece
13hnxwd,2023-05-14,Onepiece
13ikg12,2023-05-15,Onepiece
13iawyd,2023-05-15,Onepiece
13iasn5,2023-05-15,Onepiece
13iaq6m,2023-05-15,Onepiece
13iaphh,2023-05-15,Onepiece
13hzhjb,2023-05-15,Onepiece
13i50sk,2023-05-15,Onepiece
13ia6qy,2023-05-15,Onepiece
13injl9,2023-05-15,Onepiece
13i8ym6,2023-05-15,Onepiece
13hy76h,2023-05-15,Onepiece
13i8p1a,2023-05-15,Onepiece
13i8jkd,2023-05-15,Onepiece
13hgv1l,2023-05-14,Onepiece
13i89j0,2023-05-15,Onepiece
13i87go,2023-05-15,Onepiece
13i83fm,2023-05-15,Onepiece
13i35c0,2023-05-15,Onepiece
13hmoho,2023-05-14,Onepiece
13hi28h,2023-05-14,Onepiece
13hmyeh,2023-05-14,Onepiece
13i6tta,2023-05-15,Onepiece
13i6qju,2023-05-15,Onepiece
13hzlp7,2023-05-15,Onepiece
13iq73e,2023-05-16,Onepiece
13ieygi,2023-05-15,Onepiece
13hka9f,2023-05-14,Onepiece
13hvndj,2023-05-15,Onepiece
13h0gjy,2023-05-14,Onepiece
13hbghj,2023-05-14,Onepiece
13ieen2,2023-05-15,Onepiece
13hov5z,2023-05-14,Onepiece
13i4xoo,2023-05-15,Onepiece
13i4lqi,2023-05-15,Onepiece
13hnppe,2023-05-14,Onepiece
13gp3ff,2023-05-13,Onepiece
13hkuy0,2023-05-14,Onepiece
13hf9kq,2023-05-14,Onepiece
13i89es,2023-05-15,Onepiece
13i3d3l,2023-05-15,Onepiece
13glwmx,2023-05-13,Onepiece
13hqhhg,2023-05-14,Onepiece
13hrqxe,2023-05-15,Onepiece
13hj0ze,2023-05-14,Onepiece
13idwe9,2023-05-15,Onepiece
13idhgb,2023-05-15,Onepiece
13hxcwq,2023-05-15,Onepiece
13he4wb,2023-05-14,Onepiece
13i19yf,2023-05-15,Onepiece
13i8lu2,2023-05-15,Onepiece
13h69k0,2023-05-14,Onepiece
13htlwt,2023-05-15,Onepiece
